temperature,humidity,label
26.4901424590337,56.99677718293001,Trusted
24.585207096486446,54.62316841456384,Trusted
26.94306561430208,50.29815184960087,Trusted
29.569089569224076,46.76531611147213,Trusted
24.29753987582999,53.49111656806795,Trusted
24.29758912915246,51.96742692710875,Trusted
29.737638446522176,54.47596610013866,Trusted
27.302304187458727,53.175859008409844,Trusted
23.591576842195146,55.247763576596675,Trusted
26.627680130757895,47.32382394219716,Trusted
23.609746921562614,56.58697032817163,Trusted
23.60281073928923,50.987998023462,Trusted
25.725886814698104,60.37630436312632,Trusted
19.260159266026605,46.55406090955216,Trusted
19.8252465024609,58.67981901582625,Trusted
23.313137412277083,50.98955391731324,Trusted
21.961506638996728,46.74290998192776,Trusted
25.94274199778582,47.580570829728394,Trusted
22.27592777343637,48.3982634590284,Trusted
20.763088895994127,52.12082973200958,Trusted
29.39694630676466,52.6141774401775,Trusted
24.322671098540393,47.131499980307105,Trusted
25.20258461406377,49.87822703869509,Trusted
20.72575544135963,60.71135179305932,Trusted
23.36685182642445,58.637715850503554,Trusted
25.3327677691296,52.18161834837016,Trusted
21.54701926773309,50.190017390841,Trusted
26.127094055037016,50.600156633591304,Trusted
23.198083930243584,53.06758986365208,Trusted
24.124918750620168,44.886037174007974,Trusted
23.194880163311808,48.71311731288328,Trusted
30.556834553526812,41.65707963061205,Trusted
24.9595083257862,51.9961156130264,Trusted
21.8268672131323,53.2359796985137,Trusted
27.467634736309567,47.58406768850313,Trusted
21.337469050086934,57.869933816450164,Trusted
25.626590785014265,43.8711716849883,Trusted
19.120989628360675,42.6781255989509,Trusted
21.015441853304708,51.12225909279986,Trusted
25.590583707607372,55.23549151306077,Trusted
27.215399739986232,58.419638457289345,Trusted
25.51410484356991,47.7055786856553,Trusted
24.65305515283528,55.393404167156476,Trusted
24.096688913232132,49.80745765249647,Trusted
20.56443402889772,49.1368635002959,Trusted
22.840467374815873,54.41829968743336,Trusted
23.618083687120638,53.261614392067095,Trusted
28.171366678656746,42.11803921507875,Trusted
26.030854868705383,57.38270174862948,Trusted
19.7108795339118,56.90045677073726,Trusted
25.972251908184386,46.87218649245235,Trusted
23.84475315875105,51.979017667187044,Trusted
22.969233999082125,52.47015093141369,Trusted
26.835028866522602,51.303368829119535,Trusted
28.092998567487854,47.2484742307729,Trusted
27.793840357348596,46.641883160309746,Trusted
22.482347430332084,49.87222964504277,Trusted
24.072362872446355,55.86364509629682,Trusted
25.99379029421069,52.71800077297216,Trusted
27.926635381367078,48.14692833956947,Trusted
23.56247728646413,53.85849355324172,Trusted
24.44302307000855,35.75728689684962,Trusted
21.680995077981915,55.74382850186052,Trusted
21.411380127757987,41.301431106109504,Trusted
27.437577467182592,48.18779529298434,Trusted
29.06872008571247,44.40165052686928,Trusted
24.783969635258998,43.52659262139547,Trusted
28.010598693676073,55.8041339368926,Trusted
26.084908075142902,47.661493993440544,Trusted
23.06464073618463,51.73251940865358,Trusted
26.084186816525243,49.76539710560408,Trusted
29.614109699397908,52.385204136115604,Trusted
24.892521882670145,50.38410945530128,Trusted
29.693930967442018,43.58503887905715,Trusted
17.140764687730766,54.9813340972357,Trusted
27.465707513125672,47.531217084193436,Trusted
25.261141204714512,42.21709050670125,Trusted
24.102977948602398,47.85942419517044,Trusted
25.275282329606508,57.503798953171554,Trusted
19.037293256197323,54.251108710567465,Trusted
24.340984336487463,48.2567393279607,Trusted
26.07133771453524,48.25371147840786,Trusted
29.433682134224547,48.391824743913084,Trusted
23.44518934517906,60.383739917804206,Trusted
22.574519191320437,51.90967726115777,Trusted
23.49472886924639,52.15020823595535,Trusted
27.746206353106224,55.151417270159214,Trusted
25.986253328979053,51.19394579513257,Trusted
23.410719388698883,48.704789270896484,Trusted
26.539802299340067,49.01825075457511,Trusted
25.291232648044122,49.64199370292968,Trusted
27.90593497159867,49.813888817450795,Trusted
22.893840718367944,53.6381477181849,Trusted
24.017013560206696,50.2597294290365,Trusted
23.823675540603528,53.6632003860779,Trusted
20.609455155603644,49.596417099457085,Trusted
25.88836083119373,50.39317595158045,Trusted
25.783165816539668,40.00899657733946,Trusted
25.015340369927383,54.581638373512405,Trusted
24.29623859987456,51.73244237948996,Trusted
20.753887773848756,54.99005054929826,Trusted
23.738064031703924,35.518723109031555,Trusted
23.971856450419693,60.44187352390364,Trusted
22.593168192335142,49.30205185922413,Trusted
24.516142865001974,55.54091408368758,Trusted
26.212152570443614,44.800470364372345,Trusted
30.65855770363159,53.063869525312846,Trusted
25.523733438495515,44.732922184131716,Trusted
25.772651172168292,46.88115519652097,Trusted
24.7766622527015,59.570156769333934,Trusted
19.243686354102877,49.04658799618327,Trusted
24.920458373652348,51.087164365898616,Trusted
25.18069062982308,54.35033865344377,Trusted
32.389726337455855,52.47840943986302,Trusted
24.422917105656634,50.75209452571788,Trusted
25.904642027000836,51.824805012331126,Trusted
24.89586469088427,62.01707792619138,Trusted
21.493965887141403,49.711906014832074,Trusted
28.42846844354506,51.005495233574834,Trusted
27.255799098060322,55.25327198003806,Trusted
27.373095841129143,55.52762966478992,Trusted
22.271837635615782,55.9351515278019,Trusted
29.2083829328083,53.19365111014592,Trusted
20.794446811623157,44.28497543634758,Trusted
26.76057128140081,58.16715766150548,Trusted
31.571366877429938,44.26827303490656,Trusted
22.028391024607934,51.51317732619517,Trusted
23.301106811191683,46.22862074990321,Trusted
25.298954095262925,49.67930826703504,Trusted
23.489573037651404,51.6438120515174,Trusted
20.3480097068016,51.606786077251364,Trusted
25.205688924418084,52.109603771176424,Trusted
21.813088858821686,58.06855634529323,Trusted
26.420777291905544,52.2676715075699,Trusted
22.241727297298592,48.779216823546754,Trusted
29.649803215052618,54.820435841441785,Trusted
22.65024012299129,55.947352444623206,Trusted
24.033815451382974,43.861960924315035,Trusted
27.440551652109008,52.98700034924929,Trusted
21.307407050698135,53.50586371155449,Trusted
25.68237980381239,48.51218248320004,Trusted
28.921428262847286,56.878534066558096,Trusted
20.17755029631632,49.249722064837364,Trusted
25.553901575596914,50.62788226735771,Trusted
25.779648382745272,49.134640878580655,Trusted
27.34546861533193,50.077895237907335,Trusted
21.289147867365756,44.51862456552399,Trusted
21.03863016074717,42.799745587028525,Trusted
26.565824696850694,57.97252531612486,Trusted
25.890954019699556,45.76519325840836,Trusted
25.75147855103763,45.04303825271846,Trusted
26.039344628490927,39.23304943198143,Trusted
22.959925835264528,46.80519126155249,Trusted
25.696761091483012,43.384551032962506,Trusted
25.879217419896044,58.21007580068185,Trusted
22.856945745920896,55.04908544671317,Trusted
30.59732353343427,46.55924827411138,Trusted
26.42149876273536,61.26217902672154,Trusted
21.426089508392053,54.90882743495797,Trusted
26.96966082590149,48.37584308245689,Trusted
22.075954989318035,37.50297142563213,Trusted
27.361253811227357,61.45471286295371,Trusted
28.47578673702221,43.05213766618202,Trusted
22.537953044944867,41.77300626521554,Trusted
27.890128387732965,55.1128521600482,Trusted
26.238342780809496,62.19876203169636,Trusted
27.46618047998347,56.921364092552594,Trusted
30.690378947961843,52.8195456002618,Trusted
24.26383565199139,52.97377170832643,Trusted
22.73879150692753,54.267077793901535,Trusted
22.33145671112343,53.79464294893383,Trusted
22.552569145103686,51.40595711984688,Trusted
24.76869487175769,50.52100551975938,Trusted
26.02345592444993,49.68703436050239,Trusted
25.830072397990058,46.230177055666616,Trusted
27.481549747108073,48.59662461566613,Trusted
25.03900567563372,41.535215929023074,Trusted
29.36060223147195,49.50830186602625,Trusted
24.20602950028613,45.057044464245415,Trusted
33.160507499768855,44.48205341392114,Trusted
26.87700204329502,50.89947075576739,Trusted
22.42852733075115,56.960011431723,Trusted
21.78732250581666,54.59158303001156,Trusted
26.447417245729557,42.14749698188412,Trusted
24.329611644022446,45.05185931714831,Trusted
27.142001482276275,54.70385593994108,Trusted
26.419712873720634,45.08756303230845,Trusted
24.78151326202938,48.87683425001488,Trusted
22.459618845794786,52.75026049512276,Trusted
20.455458325942406,45.15827772568183,Trusted
23.660455143798938,50.5268775307298,Trusted
27.569196382970418,43.32987252540898,Trusted
25.642281232390612,46.99316178024393,Trusted
21.262783663864035,51.598909670712686,Trusted
25.519542777553546,42.03503133234165,Trusted
26.15595213918651,52.202373689801995,Trusted
22.3484276913966,49.901811005366596,Trusted
25.461175317836584,52.76244977208574,Trusted
25.174626155338,51.119570670323306,Trusted
21.571089106508133,56.82070214986922,Trusted
26.07336208104485,50.62612251323954,Trusted
26.682353579104703,47.852972294373735,Trusted
28.24915372952583,50.61148751516142,Trusted
28.16140615610471,52.716490145181936,Trusted
20.866991896128727,50.244300351628524,Trusted
22.18652488025463,50.20295845601941,Trusted
26.54510580162598,46.490041560966226,Trusted
26.541357852736628,46.68549541224526,Trusted
26.545143058918143,42.98697364100153,Trusted
36.558194471964164,58.7478837159347,Trusted
26.7126715320795,43.780683823043574,Trusted
28.406696920541798,46.53547401102046,Trusted
27.86200529047961,46.40796367215401,Trusted
26.954173753917395,54.474621884722204,Trusted
24.054192266078964,48.52525160853986,Trusted
27.276907661479804,56.23871036336867,Trusted
22.681524356387285,46.63254687878066,Trusted
24.289544179779973,51.39497081111901,Trusted
23.54390935651269,45.823264733701215,Trusted
25.245622418158966,60.72574563886694,Trusted
31.943975700020527,44.062007904852436,Trusted
19.398204422224758,51.54910355113514,Trusted
27.058780571123542,53.168884404660496,Trusted
20.161852386431043,52.06899548725749,Trusted
23.5842044026317,49.07356170561146,Trusted
28.2668517909021,49.35089650133287,Trusted
25.19284005728639,50.21905735989555,Trusted
21.76676566621208,49.264989991857554,Trusted
22.854088872220096,54.81939558397455,Trusted
27.038793246804026,61.05261500795676,Trusted
22.80890010484859,47.21254107496083,Trusted
25.649375768745923,43.15098510210461,Trusted
25.13671551971144,49.55858975824373,Trusted
23.04519895718255,62.898546688271594,Trusted
31.431832267975977,45.98162716015135,Trusted
26.901757066954033,58.195584027220335,Trusted
18.924572240027178,58.388504070382204,Trusted
25.559362944308283,47.23205879146003,Trusted
23.014640605694836,52.84491539592638,Trusted
27.557300004388672,58.14198311564269,Trusted
22.622437784701898,48.10436129506257,Trusted
24.655790675599302,48.98209819948819,Trusted
26.51496183694137,47.09159543025678,Trusted
27.597265582510364,44.92621634653567,Trusted
21.39911077883267,46.75361227466996,Trusted
23.996496292477154,43.880298666188715,Trusted
23.575164066517132,50.17041734129613,Trusted
23.040012302278864,46.150133844706794,Trusted
30.29636272084329,51.168929558953735,Trusted
26.214945132882868,42.22052176898186,Trusted
21.217348136994865,51.654401161072286,Trusted
27.753585841164327,54.16764480804462,Trusted
31.3664685910379,40.03132178714272,Trusted
28.09739578165344,51.87028284923786,Trusted
20.44189010213796,56.13834496236646,Trusted
23.547297781401245,43.951794906543974,Trusted
28.800733447559868,58.362861934188516,Trusted
22.876991603143658,52.095095046830224,Trusted
26.331458284438686,46.47494072120796,Trusted
27.32390216028801,49.72115461171147,Trusted
22.21920858526575,52.791634562608614,Trusted
24.8214239318146,50.38002695706206,Trusted
15.276197979792782,52.693779962231844,Trusted
21.92683707599713,45.39663203460317,Trusted
24.242295545820518,50.84680412018039,Trusted
21.25665045410545,42.9314275154751,Trusted
29.897233911794906,49.443869693256495,Trusted
20.7095758661181,45.48046179267605,Trusted
23.67986653990905,46.322350287051165,Trusted
25.392221731858275,56.18046587605219,Trusted
29.323819867198345,55.45655060297135,Trusted
20.69241354646168,53.045690604535885,Trusted
28.48949125646488,44.538436176637106,Trusted
25.03069918305876,48.41795775152599,Trusted
22.055474046856148,56.06548849989592,Trusted
26.386310422789812,50.70858456819953,Trusted
25.59717908672041,61.59664769990847,Trusted
23.199349368523617,51.96658919697186,Trusted
25.209406254970055,50.960245582450156,Trusted
23.84405920941472,48.4544176789875,Trusted
25.340552035753745,50.66770452391141,Trusted
26.98639202356314,49.23765081809728,Trusted
29.758050448436055,53.54054338344295,Trusted
21.286553503519453,54.783511583972924,Trusted
31.3991001239688,46.070052697460255,Trusted
19.143736601432494,43.343835232211106,Trusted
24.54464471489325,40.818973134483514,Trusted
26.76495161945373,52.53995663456272,Trusted
25.842975603205097,44.483166969130636,Trusted
23.13190144053822,39.23554703523759,Trusted
24.375633248928175,51.94289302265482,Trusted
23.5209971960235,62.46499758716395,Trusted
23.231905729167366,49.96964544230053,Trusted
27.548806291063073,54.19245387225821,Trusted
26.071046457895143,50.40914679273782,Trusted
22.921271214218038,49.50555173404429,Trusted
27.698799626299753,54.59538241493884,Trusted
25.921898562629828,48.548627279056745,Trusted
27.43858635651688,51.33696157035951,Trusted
26.888886525770836,51.60848903098007,Trusted
22.513014967233783,46.659547731784755,Trusted
23.319456879409092,54.960211747682614,Trusted
27.241880815369786,49.12520121652296,Trusted
26.831110796300393,46.221274202535774,Trusted
24.937295218107554,52.68254921785202,Trusted
25.351982149926346,45.50766009104481,Trusted
28.832994687365275,50.14090578684564,Trusted
23.22528583349251,49.954405016778985,Trusted
26.641292143510114,55.42947782915789,Trusted
24.39342204269832,52.373491164399766,Trusted
24.34695639031834,49.87486520627428,Trusted
28.29633055596157,54.08883149600143,Trusted
27.47624904696409,56.951037745086566,Trusted
27.440528908001916,52.78905153175931,Trusted
28.916436421462986,50.051763099216906,Trusted
25.063011524898275,43.4408188382492,Trusted
27.045858913884892,44.67443168462314,Trusted
24.069199730219633,48.473876478226664,Trusted
25.972499057465328,46.952438989203586,Trusted
24.609570836896946,49.06514348507277,Trusted
25.290987894978155,50.283249624485535,Trusted
26.785471076310742,52.64846377178365,Trusted
22.545337950299583,49.647506109704544,Trusted
31.277161827056382,52.43250821913101,Trusted
21.981947855500895,50.3223720740506,Trusted
21.357434161636803,40.12266716823064,Trusted
28.474332620500203,45.30332303090623,Trusted
27.37498808188881,49.27956222139192,Trusted
26.872359451156466,43.951526285794465,Trusted
26.88503652779284,52.999643649981024,Trusted
24.963259681459256,57.65375416171849,Trusted
22.308236885542506,56.09380925848659,Trusted
25.22741367458118,48.93278564534896,Trusted
22.968514865463664,57.45363068424976,Trusted
27.925359200253254,50.74333728601056,Trusted
24.558827855493583,48.31457014440981,Trusted
22.523508409622465,46.9329866822953,Trusted
24.03584247504102,48.48765156755936,Trusted
26.238794362826873,48.05911590729386,Trusted
23.308826341588077,50.85208111187744,Trusted
22.533338813300706,50.802869905249324,Trusted
25.731061634475736,50.01523010076707,Trusted
25.73489971332617,52.18469084873175,Trusted
23.47917047388661,55.95323137393171,Trusted
23.58688508314503,54.74777067720662,Trusted
25.69614981207291,42.575510157750486,Trusted
20.655746975508027,37.230394325490224,Trusted
20.777608676870337,54.67159955619637,Trusted
22.844667336242694,43.165606507922895,Trusted
24.35965854486446,48.87617299053658,Trusted
25.932722696794013,44.1494348697032,Trusted
29.426068650848656,40.990097812099904,Trusted
27.572978869606057,52.70731364102394,Trusted
24.520184410109717,53.79577580151324,Trusted
24.942951376291933,47.1174479963664,Trusted
21.992411906086573,37.04478853927545,Trusted
24.944460592022832,47.268777758737585,Trusted
24.134024083239584,51.959020027012734,Trusted
25.968155681014267,42.60544215612936,Trusted
22.518307169343032,50.91679959889578,Trusted
26.558039542723517,49.923450754135025,Trusted
29.598216739007732,52.89645749800544,Trusted
24.67371955462943,50.59790184207077,Trusted
26.205135166296824,45.134655295592225,Trusted
27.07043197513334,55.982857508322454,Trusted
23.796338584342493,49.20735213486515,Trusted
25.67227744543125,49.86347730245034,Trusted
25.037777202345385,45.33366020463402,Trusted
25.293028295646494,47.78358874404245,Trusted
22.6809706484336,45.575986429865495,Trusted
25.073530522776828,49.135269700382885,Trusted
26.493994873736348,58.558542400711715,Trusted
29.353430823385125,43.140494285343216,Trusted
27.87781247825562,41.932193010616295,Trusted
31.45954737253467,57.35585163746804,Trusted
22.697957311335852,48.95338161424067,Trusted
27.616961910162033,46.65463630670042,Trusted
25.550026017215057,55.199523436980385,Trusted
31.56940879965302,46.97192230131568,Trusted
22.575105143934547,59.13004856773468,Trusted
22.480834473457673,53.38962935669635,Trusted
23.201822063667933,47.560442959271484,Trusted
18.62831282707058,60.786541066327516,Trusted
23.422734934957717,46.971425384983306,Trusted
22.722602015338907,53.71047686004653,Trusted
25.451181359428624,51.49646290203246,Trusted
26.025267927331477,56.50870644699399,Trusted
30.628512517647657,57.807555983634266,Trusted
27.85127151455815,50.160020745328836,Trusted
23.26928903301279,46.23291064826908,Trusted
22.304755985954927,52.29986071469558,Trusted
26.47575751451952,46.61142315123947,Trusted
21.039300378938073,60.066936237633115,Trusted
30.49437629756306,50.68267665541369,Trusted
28.538320362163862,48.17339224343946,Trusted
23.592473043685885,50.92340152932454,Trusted
19.860596412727368,43.26436855235152,Trusted
29.061617122496237,45.14192980744674,Trusted
24.656380464242147,56.00206953972213,Trusted
28.713448935920386,46.71552860514302,Trusted
20.216717023616898,44.765445086590304,Trusted
23.201874931138683,52.68326376263643,Trusted
25.01573109915455,55.928520773314986,Trusted
25.140941781294227,53.594766553325336,Trusted
23.649803585562267,54.98023842902908,Trusted
26.868549797042498,46.21602455715269,Trusted
21.797138711852217,42.89094666629078,Trusted
24.57286154493612,57.506668259777435,Trusted
25.360886895135696,48.38660080578932,Trusted
26.543316502176246,48.745834917724764,Trusted
27.13484463426667,56.64097070924529,Trusted
21.626073724486393,52.7811500470033,Trusted
20.397657487793133,52.279438860408035,Trusted
28.83303046569553,60.825011724505416,Trusted
25.996942035938776,46.78240884809929,Trusted
22.75454039033034,54.63920064040619,Trusted
29.653455926567567,50.28506562448542,Trusted
25.347023902878576,51.34296139431628,Trusted
28.53789155219148,57.64234213206266,Trusted
25.202555444230327,52.53917878144812,Trusted
31.18224377464596,52.69148039524816,Trusted
30.266022527329614,55.362536686549014,Trusted
24.253107554562778,48.17523635228557,Trusted
27.914712852863065,45.80395166330497,Trusted
26.936127848755444,44.775954029894834,Trusted
29.105894672597046,40.16821705311999,Trusted
22.105229618259685,60.28103564970161,Trusted
27.05815437999532,44.483958171391585,Trusted
28.175273460548762,48.89373188207114,Trusted
19.723781540730656,48.6159335005554,Trusted
21.450224462002673,51.537033489045506,Trusted
18.882303466719698,54.078686062696484,Trusted
24.191779496666328,54.30236744179873,Trusted
27.152626767387886,47.08461280715531,Trusted
29.507071156288085,49.16439143106794,Trusted
25.222284341259325,51.4128997524415,Trusted
29.885846636713875,48.75654436908226,Trusted
20.859695625355325,58.03672788009996,Trusted
19.889852681934535,52.45487475819126,Trusted
24.833356903310143,53.67438893024909,Trusted
26.152196346817924,53.31440634333706,Trusted
24.90191575571772,55.86736928742663,Trusted
18.79767369988037,50.90510779351853,Trusted
24.732639881461633,43.51584026022077,Trusted
21.08659149848544,51.99843975876321,Trusted
27.009017646490115,46.74321553104085,Trusted
26.099794738290544,47.35691659125121,Trusted
22.180360641017934,52.931820093775464,Trusted
23.45839924798992,56.19141535716818,Trusted
21.822359434333144,50.10635788368031,Trusted
24.811962708180484,51.54416506299482,Trusted
27.865426961503715,58.51107472317619,Trusted
22.04282186099337,51.20376589744284,Trusted
26.512139546553534,63.008415570901974,Trusted
23.409227144882678,52.827548228157724,Trusted
22.621381503212966,41.19618620422091,Trusted
24.678908920136326,53.76670810552266,Trusted
21.89427303274188,51.90579192441389,Trusted
23.339052083958453,56.44876377041373,Trusted
21.406366322233453,53.365906756349794,Trusted
30.89417539874917,49.30772008008113,Trusted
25.105790655915186,43.87850881855317,Trusted
22.900823476022243,48.95488371356987,Trusted
25.641939732202665,45.7473977289535,Trusted
24.66301585092751,47.09738275097639,Trusted
24.33709120140033,52.942892022103045,Trusted
26.842500100130277,58.34952252175703,Trusted
27.272523130141916,51.9733576491149,Trusted
23.40849655716842,44.02058468982408,Trusted
23.27254527806596,52.2230133411007,Trusted
24.17484490854507,55.98315743322826,Trusted
18.094236505793248,46.95108547840309,Trusted
20.454426813404343,49.32991416663541,Trusted
29.100622802333575,50.07344097364599,Trusted
29.93490314050385,46.0755084345888,Trusted
24.252891881330864,53.2414021692193,Trusted
26.7296708891673,49.39525925696109,Trusted
25.93375046363061,52.09766221953514,Trusted
34.236642425365716,45.5625391109895,Trusted
28.35872473430373,47.812708498382946,Trusted
24.6162472255577,53.61190678913886,Trusted
22.133378678198724,48.13583423954117,Trusted
20.18066103922728,58.63481925616703,Trusted
25.61039090760167,48.00181907192699,Trusted
22.73094776414709,51.12342362875943,Trusted
20.73323887120698,54.66295415936545,Trusted
23.060281347272422,42.90817133533484,Trusted
21.755355989156815,41.19595594009612,Trusted
30.061424905217695,42.371718427149524,Trusted
27.64491927084835,56.31292051713591,Trusted
24.976082076050147,47.240709270537764,Trusted
29.43983241667008,62.79099642834126,Trusted
25.232104922942856,47.17876200671306,Trusted
22.41614739601521,50.922756515985185,Trusted
29.56937223180897,57.71054976283938,Trusted
26.616730131053977,60.03046444079561,Trusted
21.888261537020632,60.30751788318199,Trusted
24.428983965749175,56.04183115296571,Trusted
22.373145239845726,55.12031262905731,Trusted
20.85160080710699,52.96263474600592,Trusted
27.778532642594925,53.89180538083319,Trusted
30.72824992141039,47.244071418357336,Trusted
20.804297278542577,45.90900558288846,Trusted
26.688907710071714,49.98312771294524,Trusted
23.04807229263452,49.14907688737536,Trusted
23.53862384870591,47.733859753363625,Trusted
23.222818227283394,53.481937237283574,Trusted
22.40802769096055,54.77652604285255,Trusted
25.14556488383448,50.442034431459234,Trusted
22.507149650766888,57.38765040527631,Trusted
25.811370477339516,44.29155442933248,Trusted
24.849285671652588,49.03170270360141,Trusted
24.28315585940077,46.41588839698598,Trusted
22.277309013875207,40.667316914634696,Trusted
23.269686008295,49.586596570786504,Trusted
27.26617367747727,49.39126245808358,Trusted
26.502751562873144,57.567248716210656,Trusted
22.067334265604348,53.154058422773886,Trusted
25.297996916287676,44.87906587835398,Trusted
27.254161370115366,59.27046283167094,Trusted
19.991784156635884,56.10516847762676,Trusted
26.630080577139804,52.910488517343076,Trusted
23.01212872316246,48.86757950575084,Trusted
26.711796005779476,45.2028038163826,Trusted
22.710222530372448,48.138966119644735,Trusted
19.585353698006443,55.443743098520926,Trusted
20.117372686350514,59.42293152967304,Trusted
25.144254839984146,57.71621764136094,Trusted
25.779167505164445,47.55575289106863,Trusted
22.287050124686775,44.401912833554945,Trusted
26.915777376332123,50.70443123455602,Trusted
20.01543981319312,41.157803172185744,Trusted
24.80176060405805,51.615838570923906,Trusted
21.36695140071263,49.261987068506656,Trusted
23.044491676593523,47.66981749065879,Trusted
25.142196013949242,42.026484663666025,Trusted
22.418759904148143,52.568000532848586,Trusted
23.846333367310525,47.33649580169045,Trusted
28.018878427643322,44.15041582144856,Trusted
23.269324391430555,35.63868893359175,Trusted
27.507076336195425,49.86242547474682,Trusted
21.610879436027147,58.86125798334872,Trusted
26.589412533745847,58.30629607273935,Trusted
29.3247058619737,47.71451871706864,Trusted
17.585066499618133,46.988939698191096,Trusted
22.60931423358857,52.34387128037512,Trusted
26.73121638154162,45.00807280405854,Trusted
24.39086384187102,51.50895949909733,Trusted
26.113437620113928,53.83040139192345,Trusted
23.18804443985254,56.13466611942154,Trusted
25.259769362418698,49.499229617600236,Trusted
24.53296829382376,48.98163124911517,Trusted
28.50334618497942,45.6100870662172,Trusted
25.76326252990364,45.865598229800696,Trusted
26.012807986225607,48.86760554049236,Trusted
23.764369101632596,51.83682753408089,Trusted
23.53718132778252,54.567923131166246,Trusted
23.702325436541138,45.984105246598276,Trusted
26.18335642713489,57.46344284479761,Trusted
23.737046557539212,48.64438199478715,Trusted
25.869324570689237,49.89316352825782,Trusted
31.226202395936316,46.263941604260886,Trusted
27.613374110295076,37.87879869863529,Trusted
24.021929403496475,54.42022698180525,Trusted
28.603641766491833,53.684219485462165,Trusted
23.775773880935347,48.593362214408934,Trusted
18.88562639446644,50.33495358612436,Trusted
21.97574106724779,52.5796960885205,Trusted
19.387624236922434,42.18727071556729,Trusted
23.945459547876073,47.35473661326853,Trusted
25.055255137568654,53.971323398109135,Trusted
30.02931193682585,43.72855288415376,Trusted
25.98078212129249,51.46778966083315,Trusted
24.34269841357341,43.21709097688297,Trusted
27.488216743550467,52.33214991216763,Trusted
18.366594072976344,49.82179258851258,Trusted
25.706843674325697,41.92434092047245,Trusted
27.3125955816609,55.82369677228586,Trusted
20.564241262660474,46.32704211600976,Trusted
28.431262129620787,45.948737814928094,Trusted
26.015489222483243,51.00284598615472,Trusted
23.754136258297596,55.743186747143575,Trusted
26.898345598318855,44.92089090510802,Trusted
31.81207857341319,50.308399249239855,Trusted
25.545598765175484,52.14408250165287,Trusted
25.744661758901007,53.46552803631572,Trusted
23.621917301379266,50.882207776386124,Trusted
22.450466891605625,48.16486080458339,Trusted
27.491007449632736,45.8620488967564,Trusted
22.4317485222734,50.43071941523188,Trusted
25.214698711658176,44.639304940071966,Trusted
23.56702765970465,35.39324758252697,Trusted
26.436939477239175,52.18279902078834,Trusted
26.000986315860846,54.519674205430974,Trusted
28.112619832773696,38.185337822290805,Trusted
23.469950803435758,44.95134647645031,Trusted
24.190375194119888,53.09577130502599,Trusted
22.06370885265308,60.2874773485585,Trusted
23.667120219771665,50.10396853837704,Trusted
26.131901479134555,46.35998529385433,Trusted
27.270965849936054,49.0855177944758,Trusted
22.233504027467124,56.87438209574093,Trusted
27.60881776031698,46.77017910437732,Trusted
29.066913576414855,46.004039966748735,Trusted
26.240304709671104,47.58628238908984,Trusted
30.630387437674198,45.23335695870644,Trusted
22.67863240268928,50.61335157997398,Trusted
21.266035890065748,58.1233922923478,Trusted
19.663839253287165,51.615396365580146,Trusted
29.48813293446755,48.73823248936856,Trusted
26.963096969062175,48.54094365542228,Trusted
24.833245987268636,42.18404595651671,Trusted
25.83990587895946,54.415548885735795,Trusted
21.62353285810487,49.61081401493599,Trusted
32.337255938850475,49.097600432046875,Trusted
25.387663545925683,65.96553783922431,Trusted
25.32818438381468,51.49376454182843,Trusted
27.177299871696075,46.24104474952408,Trusted
26.44302769521014,47.86821201897229,Trusted
25.671652072837393,55.74222854598378,Trusted
22.628576633664064,50.56635205268882,Trusted
26.414405071407987,42.80861010841316,Trusted
30.6460734894251,54.596144672876015,Trusted
29.036260138464932,46.65927957230503,Trusted
29.77955987991819,59.366488881087726,Trusted
23.466352970706446,55.40024032857324,Trusted
22.031185539224257,47.76339052170624,Trusted
24.622639239701055,56.40508180867556,Trusted
25.167174736866084,50.339277552637014,Trusted
28.282574555412847,54.263868375611096,Trusted
19.92260611085554,52.42366408647237,Trusted
29.58865095838184,45.76821672504563,Trusted
24.525976304263033,46.78225083841269,Trusted
23.71935679015774,55.14980408790581,Trusted
21.963686874219498,48.326123339467294,Trusted
20.03542998440269,47.981757683790015,Trusted
27.469511751885744,45.224387103253235,Trusted
25.219953901565212,52.11799532796731,Trusted
21.13011730077684,60.31262459621573,Trusted
21.11476368380915,44.66233542872864,Trusted
23.992645902129617,50.12109728336379,Trusted
30.007064575868178,57.061102777077146,Trusted
24.221225945909186,49.60179304377142,Trusted
20.49057114064568,52.26185898124867,Trusted
24.262770807742168,44.688032359265605,Trusted
24.181829290756987,52.141535486038244,Trusted
16.909340071175286,49.06427867497726,Trusted
24.837115400446564,54.928649978399314,Trusted
24.307196409373965,55.936930257823754,Trusted
27.088619094440254,62.94781821009307,Trusted
30.546868284836037,52.89816586606788,Trusted
28.379695088643274,51.62898158291083,Trusted
24.19333392833551,50.97192150788668,Trusted
21.68042227377499,48.23416853594656,Trusted
32.72007940974958,51.692419217308455,Trusted
25.177655302043465,48.52299294930485,Trusted
25.041787875738837,50.84230488134807,Trusted
24.92762473866999,56.587987678039795,Trusted
25.594254282303567,44.9672871736018,Trusted
24.566918764228173,55.699392805645225,Trusted
23.27901397935929,56.58557533669933,Trusted
23.359423176278824,49.40965736504461,Trusted
24.901740189352005,39.390725504957025,Trusted
23.369725686598706,46.96089006452784,Trusted
22.86146265196851,56.484972732805545,Trusted
25.31929068307569,49.88565968850559,Trusted
24.235068347737435,45.00348883852545,Trusted
29.511978965748064,47.476125393858915,Trusted
17.047090574820963,54.20310013252276,Trusted
28.274520555767385,52.7336678410069,Trusted
28.738255577492886,48.805339504151526,Trusted
18.779829302775553,48.16587794092656,Trusted
23.971937217758953,48.04120925478089,Trusted
23.885677402012625,45.387949077507486,Trusted
20.777464915846537,58.07687844734721,Trusted
22.666549937227373,48.3883976539433,Trusted
21.668272463602513,56.085792604127484,Trusted
30.256811330270867,57.60658025961226,Trusted
27.807035179442384,54.9915544907398,Trusted
28.814665284982475,47.84189843640976,Trusted
27.165016192129706,52.018650451683044,Trusted
21.61284468634831,49.87902196804542,Trusted
23.42643920116068,45.48149069634936,Trusted
26.468123683683753,51.62179640860801,Trusted
21.333616573324164,44.10480104420099,Trusted
27.138995290517165,55.93839694230782,Trusted
24.279023805525593,47.67691351350803,Trusted
23.875537577351206,51.0057982793642,Trusted
27.132879904610476,51.41643935773071,Trusted
26.33278993445812,48.705475131479616,Trusted
23.91710150254276,52.933469007376374,Trusted
28.477989410092743,47.62548171688738,Trusted
21.75681001720031,54.35648648728622,Trusted
26.84780682083279,43.27010159876626,Trusted
26.779303773905152,50.63189789773206,Trusted
24.071360682058028,59.694644995291426,Trusted
25.978399066726354,44.99834337697213,Trusted
21.24665927084409,46.61127514737574,Trusted
27.772081057620703,52.569539248294575,Trusted
24.44529359067103,50.89790890969799,Trusted
23.431830938442882,51.753150496367795,Trusted
28.147027677510668,52.44593565073832,Trusted
22.886968928371722,53.17360734280885,Trusted
20.77461611090932,55.54849920978111,Trusted
20.330112479428287,52.04909328464257,Trusted
26.81802985403692,48.79371172690729,Trusted
21.15871194251115,53.362868506013655,Trusted
30.264382545953094,59.49940967447608,Trusted
18.754211776348832,49.33683126808713,Trusted
30.089369104870116,45.12735347664679,Trusted
25.633052401607856,55.53540334643486,Trusted
24.709860664388824,49.39809418023201,Trusted
23.36524273957315,39.13665226992982,Trusted
26.197408343056214,54.23710838575211,Trusted
24.887095892725455,47.32335907023039,Trusted
28.309905646049565,49.5473335884792,Trusted
25.34268294598612,51.65990165284507,Trusted
25.450905284385634,50.95249839889533,Trusted
23.90916336335843,53.547259085695195,Trusted
24.829163128836797,47.82256814715078,Trusted
25.923405306676177,52.565528990880416,Trusted
19.869494822030124,48.702266612080415,Trusted
20.955443733682863,53.694052404437514,Trusted
27.229792282068146,53.07683742006527,Trusted
25.512596314383824,45.32280648977702,Trusted
24.448049990941964,55.42991058087516,Trusted
25.05530179919618,47.32018277442976,Trusted
26.042745116085012,54.040288991405724,Trusted
23.380720959071915,51.8364365670067,Trusted
22.665085823793063,59.190918383975614,Trusted
25.587535765293044,48.88267008814074,Trusted
22.064881667154904,48.25341601940901,Trusted
26.224758267143415,49.90290197056134,Trusted
19.89224918728648,48.48410108582862,Trusted
28.087466911976932,53.99970950971025,Trusted
26.41779244723913,41.91844695781706,Trusted
25.768089202941628,44.73158790426823,Trusted
27.948072951836544,44.66098539210404,Trusted
29.99642333338773,54.751537959867875,Trusted
28.043110195054393,58.553066862909624,Trusted
19.477377306005064,49.47775390731264,Trusted
21.161269099792896,49.155891384049944,Trusted
23.125544266912964,50.35026081556591,Trusted
25.0782731506325,55.80939151304095,Trusted
26.55297706140737,45.36323432904713,Trusted
22.822768560539604,51.191844913673926,Trusted
25.560300293431236,54.87598814891215,Trusted
22.73385120294003,52.50547084969923,Trusted
23.165446591024157,50.94790808299372,Trusted
20.78001670945533,55.005230462835705,Trusted
22.23030026166729,36.48383853500381,Trusted
20.944946183151,53.38937659765454,Trusted
22.072380241068004,46.72962158436288,Trusted
28.160925389823518,40.846835515717714,Trusted
22.15180333350417,52.556012997624904,Trusted
32.897146194512175,56.86829272581479,Trusted
26.479953702642668,49.31275742686154,Trusted
25.554508371084623,54.76437273601469,Trusted
22.42492665945636,58.06139128994323,Trusted
27.100929638226972,56.57457226792024,Trusted
23.27308652128668,58.199822646856965,Trusted
25.366029443936085,53.71063745535946,Trusted
32.68025361480638,50.377168194507966,Trusted
24.71182030082605,41.99017094051416,Trusted
28.447819978857027,48.76968755935026,Trusted
22.89047072462234,45.78376702341904,Trusted
24.895034528509115,60.85471358748907,Trusted
30.31240190690653,49.120570937838316,Trusted
23.119098826636698,50.61602403392243,Trusted
30.437345673990787,52.75742688020234,Trusted
27.123255806366426,50.21801223186227,Trusted
23.312599672317198,58.47525520215376,Trusted
26.897223217166562,46.88675319132774,Trusted
27.91766334888019,50.97303727618621,Trusted
26.86542988665159,46.28764707150976,Trusted
20.28932584032863,43.399887443896475,Trusted
22.818588472525395,46.94115454547357,Trusted
24.257444093345487,49.81481601475794,Trusted
24.776699712699862,47.8534888774137,Trusted
26.862016292652033,46.53789510063072,Trusted
25.533103002799763,42.96841268164083,Trusted
20.993966923869696,49.584472136856526,Trusted
26.14059355301789,42.47639812984499,Trusted
26.83175723585147,53.80027981844801,Trusted
26.679371343793118,50.41219876467252,Trusted
28.242342176663865,42.712242502675345,Trusted
27.50176646364671,48.453954614750685,Trusted
26.37754023768531,46.239217972047086,Trusted
24.78950286562406,51.595872552095905,Trusted
20.017117199452024,56.702252230115725,Trusted
26.288854657397756,40.62413765177128,Trusted
25.623063061489333,50.575130395737084,Trusted
25.81473651158612,49.1993360221668,Trusted
21.169754272539073,53.35670038225233,Trusted
21.756830378775213,51.06598314118845,Trusted
28.15945855999871,46.240153341305906,Trusted
24.881334538430036,48.40473032166691,Trusted
27.044502092117874,46.019870715982556,Trusted
25.084955128391382,55.38003569299299,Trusted
25.089268418487237,50.106558243359714,Trusted
27.814851417927994,59.50595342876504,Trusted
23.45186581534788,49.69669593092689,Trusted
25.28836233082295,46.45796616544769,Trusted
23.613174133884872,42.43142803693586,Trusted
23.696511317703052,40.98430161872027,Trusted
24.072483629594082,42.07932028497255,Trusted
25.666401314901137,51.33563325505742,Trusted
23.563754135009567,52.54362511614967,Trusted
28.767268376720562,42.094046489839336,Trusted
22.316178093341488,54.475191570380574,Trusted
24.43938506751592,47.5846947415828,Trusted
23.680806825177477,50.73396505992775,Trusted
29.3409336530612,58.06110314127712,Trusted
25.589664329534724,54.48419657932766,Trusted
28.095533618405906,48.65734676047084,Trusted
20.543318880889082,45.544038872923565,Trusted
25.801150797607775,39.24092299335348,Trusted
27.66889238687031,46.4042334037879,Trusted
25.246851967826274,48.94434880586153,Trusted
28.196441125196053,45.06410236424408,Trusted
23.448134649698883,49.34371516453847,Trusted
29.22804232055674,50.38425941479384,Trusted
31.89669437085775,48.875720090959604,Trusted
23.911484318681023,46.7499870958827,Trusted
23.663492435797686,50.84327335983364,Trusted
29.360153431353105,52.209703247847045,Trusted
29.73871643719214,44.54800461278577,Trusted
23.431419918540193,57.054661898731354,Trusted
23.73943954871243,49.50705933857869,Trusted
24.154646173418477,50.09424811472424,Trusted
20.96664846689717,53.541072116282784,Trusted
22.244044160547404,51.16608065631751,Trusted
21.987577699743795,54.76568316956622,Trusted
22.696607304687614,51.43562082600912,Trusted
24.895945337839656,46.93781312679781,Trusted
25.702644197609562,51.80751762603051,Trusted
29.65150147844223,44.28136896339669,Trusted
22.004937877783625,50.542798528882614,Trusted
27.95296719542975,49.8338500467777,Trusted
24.358033467323473,48.9594157136373,Trusted
24.8516088710427,49.357312442805345,Trusted
27.02445847649981,40.5907547725118,Trusted
21.631833935313104,47.25637546129519,Trusted
26.147229238552153,50.46422450570557,Trusted
25.49935662463917,50.799281959987,Trusted
26.47735379202445,44.861624295370206,Trusted
25.867505931723453,56.328539204323505,Trusted
32.36590041973268,45.66912575892749,Trusted
23.08678004724605,54.84728600263368,Trusted
23.407009134994546,52.13597180935842,Trusted
23.13057842072571,46.768863450780984,Trusted
23.333568642519236,58.87655446304756,Trusted
23.087838618080447,44.0318158412176,Trusted
28.567049593322654,54.59577086805001,Trusted
29.261512743969565,55.00291159021489,Trusted
23.287761118751572,46.64689895461677,Trusted
22.502933280687316,56.962326500321645,Trusted
26.414246669159212,48.74976742700524,Trusted
23.343330867157086,51.44346814639928,Trusted
26.898795453266533,51.3016091938561,Trusted
25.6087690625539,49.32845629264726,Trusted
20.452767655008305,54.05404136579891,Trusted
29.642515603990184,53.967443602761065,Trusted
30.387633019286564,41.257340133809095,Trusted
23.16163392854684,56.52170121439076,Trusted
23.83689532019205,41.68754005982163,Trusted
25.857596172174716,55.16273102170829,Trusted
26.003370369961075,55.633525684137915,Trusted
26.97563281801849,44.54516784892401,Trusted
31.03061361629905,47.945928560227074,Trusted
24.469158317517852,44.47147665757032,Trusted
22.60510826638464,48.92539484855632,Trusted
20.86204231595642,48.45982857907129,Trusted
22.80720988017424,53.8983026613467,Trusted
24.900619081378608,56.55154373059804,Trusted
30.383673590553364,56.97841905394978,Trusted
23.447166102891487,47.189159867108486,Trusted
25.671363854916695,48.95389063127736,Trusted
24.950731311781745,41.58280903889525,Trusted
28.56517982034425,45.970649667519055,Trusted
32.58079727762087,54.82425816548729,Trusted
23.40739368123904,58.07791411774116,Trusted
23.531681672445334,43.82825564060039,Trusted
28.132482631207218,47.03767870423553,Trusted
27.045674468878936,49.867971215205365,Trusted
30.540121977208102,51.400805794098034,Trusted
26.751784555977892,45.95198240039177,Trusted
23.922123727638823,52.12030522232045,Trusted
26.77196449207693,47.63080326464542,Trusted
28.326110741748725,49.927738645608606,Trusted
27.461446543592093,52.7314212400185,Trusted
26.521822093321894,50.03211134905469,Trusted
28.200024068767462,47.81807054736716,Trusted
28.50788677133702,49.451950980370846,Trusted
29.14647697311258,49.55818520397332,Trusted
26.94612966276893,48.149944850589364,Trusted
24.498645759049438,48.70601968666449,Trusted
25.440141059299968,57.99323585252358,Trusted
28.61952689952507,52.8045972397062,Trusted
22.549192987038293,48.5225984098542,Trusted
26.106019926618703,53.48477202255368,Trusted
23.819983563017917,48.33090255121995,Trusted
25.086234468804452,55.86562318793321,Trusted
28.835355587821894,51.84821096099047,Trusted
25.57329720405971,49.46348927997886,Trusted
25.139309644468447,52.23858462905139,Trusted
20.920431577060242,42.145619239657506,Trusted
27.238760698081663,44.36616265545097,Trusted
26.936452543423226,44.03037496800472,Trusted
31.48976416991638,50.714715473818536,Trusted
24.076665295140998,58.66257499742546,Trusted
25.65745098299182,61.15650073096316,Trusted
25.748151051132265,53.19025550720379,Trusted
29.732359839290424,52.50422237472228,Trusted
24.714113402839143,40.9947113292363,Trusted
25.83706457731102,47.286631001329894,Trusted
26.82368952914962,46.061081240458805,Trusted
25.559827369469076,46.89576200874442,Trusted
23.660699156348414,49.15928090707605,Trusted
25.582269978694924,47.63954711151436,Trusted
28.220895249579314,40.10350094812106,Trusted
21.92045410176682,53.73955128058767,Trusted
25.398909022440627,44.636284871300965,Trusted
22.89963755518248,51.196234320555746,Trusted
28.585139886774527,60.370413348749864,Trusted
20.430439285648674,45.403077042067885,Trusted
23.323234458185233,37.348562386268355,Trusted
26.131635625193564,48.569978890599444,Trusted
29.69657208770302,55.50479817499286,Trusted
24.802749216781038,59.79173727110297,Trusted
23.334401419920404,43.85225202773792,Trusted
30.64347120832177,52.48349611618261,Trusted
20.65595829875127,47.67344771609973,Trusted
18.403582130139753,49.470258228479324,Trusted
26.32004335016,63.221716735085174,Trusted
23.493837326942167,42.48514835802423,Trusted
21.93630154860786,51.26869830747287,Trusted
27.12506934189806,52.33846585882716,Trusted
25.731402141313595,55.42893162469674,Trusted
23.307764107789815,50.489915767354475,Trusted
21.159086803987318,51.540252697520515,Trusted
27.617371984840435,48.041757162891045,Trusted
26.950603533875984,51.34563470622554,Trusted
24.70247240866185,48.284038622512945,Trusted
30.539910988143,53.107859449280255,Trusted
21.78974570102154,48.15194831978183,Trusted
20.423424487225784,51.88550196951093,Trusted
22.924275790356266,49.85368593157511,Trusted
24.863241950933507,55.63025125386084,Trusted
25.730018347968077,49.743031382057566,Trusted
24.27629182643101,41.134837658965594,Trusted
26.05616618954289,56.30960750356996,Trusted
21.24538172742867,45.47133849568691,Trusted
29.331293812219776,46.731168306755904,Trusted
24.753546464822293,47.02169352978254,Trusted
28.351887494764384,56.87219046585409,Trusted
26.02817603913311,39.32162893010652,Trusted
26.37025965746135,65.68874266829997,Trusted
26.70930184069661,55.28028404533026,Trusted
26.343125680051944,51.116194570645796,Trusted
26.92816827960263,49.72552999691857,Trusted
28.987457590397295,51.427770374288286,Trusted
25.589563509104412,52.60561214189669,Trusted
27.127011272765536,53.22607792975028,Trusted
24.73079291713832,52.778022330017244,Trusted
29.32035164634842,50.44790340627625,Trusted
22.97082309382219,49.01330789846337,Trusted
30.402821298732448,49.24363358173244,Trusted
24.87952614806697,49.0254585982366,Trusted
20.707674693645856,55.66885048433532,Trusted
25.38431324473237,52.96778361140431,Trusted
22.95684502757536,35.2980568266786,Trusted
27.521930646966172,53.279503882648804,Trusted
23.04212806209283,50.97368097359387,Trusted
23.66144970035566,49.90645621777051,Trusted
19.331377807163406,48.05740773455557,Trusted
23.64308104225277,55.620563599930065,Trusted
17.72836202011313,54.73763231061429,Trusted
20.24829152954283,46.135611660881956,Trusted
27.281243968432893,52.03526143562267,Trusted
27.357400475952495,45.14171632729357,Trusted
26.276372685354893,43.101909176055344,Trusted
22.09907157061236,46.86641387705018,Trusted
24.85686593157406,54.311967361913794,Trusted
24.989192382728294,54.76562522688043,Trusted
21.52490593242237,52.56542710048647,Trusted
29.510194905301454,53.625478934239986,Trusted
27.632086871727015,52.58089143557479,Trusted
24.337107478511008,46.79259202388524,Trusted
25.080657516983592,52.159612723369705,Trusted
25.625148423842656,54.00204762613841,Trusted
18.87479539472713,53.77145664906787,Trusted
24.25846785243821,55.94456685737322,Trusted
22.954047256006604,53.54151923600532,Trusted
21.995139970315254,51.757241037707914,Trusted
24.156699121342136,55.350751191582134,Trusted
30.393059580548567,49.8673937037547,Trusted
26.92252858380103,45.590626743861414,Trusted
23.28646303065161,49.18466518028118,Trusted
26.717748344068475,46.27548677596776,Trusted
96.28425956502511,2.842740929275167,Malicious
82.64039376560966,1.3382836299969314,Malicious
93.95282135877918,6.2955769689173655,Malicious
84.43992395165259,0.5433203482290383,Malicious
112.32940840036889,7.486452341262,Malicious
117.90752103857884,3.1758679526111666,Malicious
82.89265901031754,0.0013469300448532007,Malicious
118.20460829166805,5.111291392372298,Malicious
100.90306397346981,0.46851908527603126,Malicious
91.98262711815495,2.761695578208995,Malicious
83.07448301104654,7.069764874557162,Malicious
100.0249707228167,0.6268962162186587,Malicious
111.78062177962994,8.393384923560024,Malicious
108.28345909066792,0.03819922658583108,Malicious
82.00904045855896,2.4682386920190225,Malicious
82.91607341471614,7.409040561520714,Malicious
96.11493130530548,3.162701497293068,Malicious
91.81161976191773,1.0189238806601353,Malicious
89.29537292224191,3.6023391880042785,Malicious
91.24017995634854,2.7039328638452553,Malicious
112.13930973187539,8.427119021605549,Malicious
117.16912214527416,3.1334791758514315,Malicious
96.20410778110266,7.889324717760072,Malicious
116.24444008529989,8.918721448107348,Malicious
92.85982804991528,4.338174195765295,Malicious
99.05747945375167,9.09943143854392,Malicious
89.04115991263998,3.7731805396319285,Malicious
105.61904168703376,9.640784164901081,Malicious
119.15924460699236,0.8928952452557293,Malicious
104.13972384173515,6.870192665032428,Malicious
94.31256336454196,4.938140404569287,Malicious
105.91269783962113,3.8764880545564706,Malicious
84.9168271386155,6.327118787486009,Malicious
115.54636321061594,7.038570916343312,Malicious
100.12335803119345,0.04363269650309087,Malicious
97.97398968158568,1.6695308874719872,Malicious
103.43459153814077,7.130460506343187,Malicious
104.9913545115761,6.663854135782064,Malicious
82.87103224906052,9.660475051286772,Malicious
107.3046888489361,7.61037790250783,Malicious
89.67726721262119,9.50772707731338,Malicious
108.55810530026359,7.02540501534807,Malicious
112.90139177536787,2.9805220863944317,Malicious
112.15834030210081,1.0536492225085647,Malicious
102.10003869631556,7.818238633449356,Malicious
100.80679569243004,6.441492214759159,Malicious
85.71503845357647,0.4818601239329623,Malicious
111.01384601612543,3.6005046590097836,Malicious
90.85637521786857,9.567998154842861,Malicious
99.86781691271787,5.0040114571020125,Malicious
